<?xml version="1.0" encoding="UTF-8"?>
<configuration debug="true" scan="true">
    <contextName>fabric</contextName>
    <appender name="console" class="ch.qos.logback.core.ConsoleAppender">
        <encoder>
            <pattern>%d %-5p [%thread] %c:%L - %m%n</pattern>
        </encoder>
    </appender>
    <!-- project default level -->
    <logger name="lu.samples" level="DEBUG" />

    <!-- root -->
    <root level="INFO">
        <appender-ref ref="console" />
    </root>
</configuration>